{"cameraMode":{"drawMode":0,"name":"Shaded","section":"Shading Mode"},"sceneLighting":false,"audioPlay":false,"sceneViewState":{"showFog":false,"showMaterialUpdate":false,"showSkybox":false,"showFlares":true,"showImageEffects":true,"showParticleSystems":true},"in2DMode":false,"pivot":{"x":0.002733573317527771,"y":-0.23051713407039643,"z":-0.007458508014678955},"rotation":{"x":-0.00041610252810642123,"y":0.9991161823272705,"z":-0.04079612344503403,"w":-0.010190489701926709},"size":26.974008560180665,"orthographic":false}