{"cameraMode":{"drawMode":0,"name":"Shaded","section":"Shading Mode"},"sceneLighting":false,"audioPlay":false,"sceneViewState":{"showFog":false,"showMaterialUpdate":false,"showSkybox":false,"showFlares":true,"showImageEffects":true,"showParticleSystems":true},"in2DMode":false,"pivot":{"x":-0.20129574835300446,"y":12.936384201049805,"z":-2.4915642738342287},"rotation":{"x":-0.000337019533617422,"y":0.9988804459571838,"z":-0.04679134115576744,"w":-0.007190830539911985},"size":12.287370681762696,"orthographic":false}